date,client_type,trading volume,new_registered_clients,new_active_clients,trading_revenue,other_revenue,daily_active_clients,daily_transactional_clients,btc_price,btc_dominance,total_market_volume,number_of_trades,number_of_all_transactions_on_platform,news_headline
01/12/2022,corporate,148684128,12,5,30727,5447,126,148,20593,0.452475172,45155759238.0,62188,75534,"Experts are predicting continued growth in Bitcoin's value as more corporations and institutional investors adopt the cryptocurrency. The increasing demand from major players is expected to push Bitcoin's price to new heights in the coming months. Many believe Bitcoin will become a staple in corporate investment portfolios, offering a hedge against inflation. However, global economic uncertainty could still create risks for the crypto market."
02/12/2022,corporate,103457175,19,8,22231,2325,129,156,16397,0.494554321,21941839847.0,77519,90247,"Cryptocurrency is facing challenges as global inflation rates rise and economic uncertainties increase. Despite these hurdles, Bitcoin and other cryptocurrencies continue to attract investors looking for alternative stores of value. The economic environment is adding volatility to the crypto market, but many traders believe that the digital asset space will continue to grow as an inflation hedge and alternative investment vehicle."
03/12/2022,corporate,94718393,12,6,24620,3164,146,168,16720,0.488584854,14643818948.0,62980,76540,"Experts are predicting continued growth in Bitcoin's value as more corporations and institutional investors adopt the cryptocurrency. The increasing demand from major players is expected to push Bitcoin's price to new heights in the coming months. Many believe Bitcoin will become a staple in corporate investment portfolios, offering a hedge against inflation. However, global economic uncertainty could still create risks for the crypto market."
04/12/2022,corporate,173914293,18,8,39783,6190,126,154,18701,0.488143548,38486877558.0,58564,73187,"Experts are predicting continued growth in Bitcoin's value as more corporations and institutional investors adopt the cryptocurrency. The increasing demand from major players is expected to push Bitcoin's price to new heights in the coming months. Many believe Bitcoin will become a staple in corporate investment portfolios, offering a hedge against inflation. However, global economic uncertainty could still create risks for the crypto market."
05/12/2022,corporate,154199387,19,9,32027,3491,137,184,20484,0.465824196,32234205254.0,67057,84460,"Crypto adoption is seeing significant growth in emerging markets, with digital wallets and exchanges becoming increasingly popular. Countries in Latin America and Southeast Asia are leading the charge, where cryptocurrencies are being used for remittances, savings, and as an alternative to traditional banking. The shift towards crypto could help millions of unbanked individuals gain access to financial services, potentially transforming the global financial landscape."
06/12/2022,corporate,141395554,11,5,30390,2955,129,173,17326,0.451319964,71024268072.0,65716,75840,"Bitcoin reached a new all-time high today, fueled by increasing institutional investments. Investors are bullish as major companies like Tesla and MicroStrategy continue to accumulate Bitcoin. Analysts predict the trend will continue as more traditional financial institutions enter the market, pushing Bitcoin's price to unprecedented levels. However, experts are cautious about potential regulatory hurdles in the future."
07/12/2022,corporate,227151336,11,4,51825,9590,134,158,21465,0.484242959,35018319269.0,73850,91369,"Altcoins have been outperforming Bitcoin lately as Ethereum continues to push for greater scalability and lower fees. Other altcoins like Binance Coin and Cardano are also gaining attention, with their ecosystems expanding rapidly. Many investors are diversifying their portfolios to include a broader range of cryptocurrencies, as they believe altcoins may deliver higher returns than Bitcoin in the short term. This shift could lead to a more balanced and diversified crypto market."
08/12/2022,corporate,161967334,19,9,37384,7345,84,125,20913,0.455315843,25531718611.0,53767,73025,"Altcoins have been outperforming Bitcoin lately as Ethereum continues to push for greater scalability and lower fees. Other altcoins like Binance Coin and Cardano are also gaining attention, with their ecosystems expanding rapidly. Many investors are diversifying their portfolios to include a broader range of cryptocurrencies, as they believe altcoins may deliver higher returns than Bitcoin in the short term. This shift could lead to a more balanced and diversified crypto market."
09/12/2022,corporate,173389626,10,5,42158,4855,103,134,16677,0.475088433,25446187019.0,64270,83075,"Cryptocurrency is facing challenges as global inflation rates rise and economic uncertainties increase. Despite these hurdles, Bitcoin and other cryptocurrencies continue to attract investors looking for alternative stores of value. The economic environment is adding volatility to the crypto market, but many traders believe that the digital asset space will continue to grow as an inflation hedge and alternative investment vehicle."
10/12/2022,corporate,239870484,18,8,69759,9499,119,162,18780,0.455818112,38790645779.0,71860,89065,"Bitcoin reached a new all-time high today, fueled by increasing institutional investments. Investors are bullish as major companies like Tesla and MicroStrategy continue to accumulate Bitcoin. Analysts predict the trend will continue as more traditional financial institutions enter the market, pushing Bitcoin's price to unprecedented levels. However, experts are cautious about potential regulatory hurdles in the future."
11/12/2022,corporate,239251154,20,9,65274,10654,99,138,21915,0.45730044,179181000000.0,60112,72137,"Crypto adoption is seeing significant growth in emerging markets, with digital wallets and exchanges becoming increasingly popular. Countries in Latin America and Southeast Asia are leading the charge, where cryptocurrencies are being used for remittances, savings, and as an alternative to traditional banking. The shift towards crypto could help millions of unbanked individuals gain access to financial services, potentially transforming the global financial landscape."
12/12/2022,corporate,112598999,18,7,30499,4716,130,167,17777,0.477741255,19343432845.0,79693,92529,"Crypto adoption is seeing significant growth in emerging markets, with digital wallets and exchanges becoming increasingly popular. Countries in Latin America and Southeast Asia are leading the charge, where cryptocurrencies are being used for remittances, savings, and as an alternative to traditional banking. The shift towards crypto could help millions of unbanked individuals gain access to financial services, potentially transforming the global financial landscape."
13/12/2022,corporate,238045816,18,8,52302,5553,145,195,16267,0.458547588,35926609856.0,67098,79670,"The crypto market is facing mixed reactions as governments around the world tighten regulations on digital assets. Some countries are taking a hard stance against cryptocurrencies, while others are exploring ways to integrate blockchain technology into their financial systems. The uncertainty around regulation is causing fluctuations in crypto prices, with many investors closely monitoring the news for any updates that could impact the market."
14/12/2022,corporate,156621274,15,7,41599,7439,123,152,20255,0.482913903,136328000000.0,77780,89057,"Cryptocurrency is facing challenges as global inflation rates rise and economic uncertainties increase. Despite these hurdles, Bitcoin and other cryptocurrencies continue to attract investors looking for alternative stores of value. The economic environment is adding volatility to the crypto market, but many traders believe that the digital asset space will continue to grow as an inflation hedge and alternative investment vehicle."
15/12/2022,corporate,128867453,11,5,28732,2789,94,132,19235,0.473924045,34326946901.0,56961,70078,"Global regulators are stepping up discussions about new cryptocurrency regulations as digital asset markets grow. Central banks are worried about the impact of cryptocurrencies on monetary policy and financial stability. Some countries are considering adopting digital currencies to compete with decentralized assets. The future of crypto regulations remains uncertain, but it's clear that they are becoming an area of significant focus worldwide."
16/12/2022,corporate,146935391,18,9,32280,5431,96,138,17154,0.487933599,19178238385.0,74397,87511,"Cryptocurrency is facing challenges as global inflation rates rise and economic uncertainties increase. Despite these hurdles, Bitcoin and other cryptocurrencies continue to attract investors looking for alternative stores of value. The economic environment is adding volatility to the crypto market, but many traders believe that the digital asset space will continue to grow as an inflation hedge and alternative investment vehicle."
17/12/2022,corporate,230192625,13,6,60156,8895,124,151,17426,0.462949275,36021149504.0,75144,93494,"Experts are predicting continued growth in Bitcoin's value as more corporations and institutional investors adopt the cryptocurrency. The increasing demand from major players is expected to push Bitcoin's price to new heights in the coming months. Many believe Bitcoin will become a staple in corporate investment portfolios, offering a hedge against inflation. However, global economic uncertainty could still create risks for the crypto market."
18/12/2022,corporate,174036015,18,7,42489,6583,94,119,18068,0.490029932,47112784094.0,54178,73989,"Bitcoin saw a price correction today after reaching record highs earlier this week. The correction has raised concerns among some investors, who are waiting for signals of a market reversal. Despite the pullback, many analysts remain optimistic about Bitcoin’s long-term outlook, citing strong fundamentals and continued institutional adoption. Traders are closely watching the $50,000 support level, which may act as a key price floor."
19/12/2022,corporate,149610806,14,6,41218,4563,126,166,17311,0.484512775,19281883468.0,70846,84271,"Experts are predicting continued growth in Bitcoin's value as more corporations and institutional investors adopt the cryptocurrency. The increasing demand from major players is expected to push Bitcoin's price to new heights in the coming months. Many believe Bitcoin will become a staple in corporate investment portfolios, offering a hedge against inflation. However, global economic uncertainty could still create risks for the crypto market."
20/12/2022,corporate,162500675,15,7,34678,5610,140,165,16419,0.464425926,27710768109.0,78234,95417,"A major cryptocurrency exchange experienced downtime today amidst rising trading volumes and heightened market activity. The disruption led to delays in transaction processing, leaving many traders frustrated. The exchange has assured users that they are working on resolving the issues and will take steps to prevent such occurrences in the future. Despite the technical difficulties, the overall market remained resilient, with Bitcoin holding steady at its current price."
21/12/2022,corporate,133983567,17,7,34450,5792,85,129,21034,0.467338202,32233378392.0,53406,65101,"The crypto market is facing mixed reactions as governments around the world tighten regulations on digital assets. Some countries are taking a hard stance against cryptocurrencies, while others are exploring ways to integrate blockchain technology into their financial systems. The uncertainty around regulation is causing fluctuations in crypto prices, with many investors closely monitoring the news for any updates that could impact the market."
22/12/2022,corporate,72273457,15,6,20538,2960,123,160,17862,0.450147326,10216227472.0,63696,74164,"Experts are predicting continued growth in Bitcoin's value as more corporations and institutional investors adopt the cryptocurrency. The increasing demand from major players is expected to push Bitcoin's price to new heights in the coming months. Many believe Bitcoin will become a staple in corporate investment portfolios, offering a hedge against inflation. However, global economic uncertainty could still create risks for the crypto market."
23/12/2022,corporate,201613978,10,5,52302,5156,138,187,16395,0.472340436,32119328059.0,71197,82305,"Market volatility is at an all-time high as Bitcoin's dominance in the crypto market fluctuates. Investors are watching Bitcoin closely, while altcoins like Ethereum and Solana are gaining traction. The shift in dominance is causing mixed feelings among traders, some of whom are concerned about Bitcoin’s ability to maintain its market leadership. Analysts suggest that the future could bring more opportunities for altcoin investments."
24/12/2022,corporate,90914155,10,4,19422,3135,98,143,21280,0.487402028,18500440676.0,76454,94425,"Experts are predicting continued growth in Bitcoin's value as more corporations and institutional investors adopt the cryptocurrency. The increasing demand from major players is expected to push Bitcoin's price to new heights in the coming months. Many believe Bitcoin will become a staple in corporate investment portfolios, offering a hedge against inflation. However, global economic uncertainty could still create risks for the crypto market."
25/12/2022,corporate,163853335,11,5,46307,8925,107,142,21213,0.496611505,127690000000.0,75847,92294,"A major cryptocurrency exchange experienced downtime today amidst rising trading volumes and heightened market activity. The disruption led to delays in transaction processing, leaving many traders frustrated. The exchange has assured users that they are working on resolving the issues and will take steps to prevent such occurrences in the future. Despite the technical difficulties, the overall market remained resilient, with Bitcoin holding steady at its current price."
26/12/2022,corporate,244720261,15,7,69672,5837,124,146,17744,0.475737681,60547273512.0,56141,76043,"Bitcoin saw a price correction today after reaching record highs earlier this week. The correction has raised concerns among some investors, who are waiting for signals of a market reversal. Despite the pullback, many analysts remain optimistic about Bitcoin’s long-term outlook, citing strong fundamentals and continued institutional adoption. Traders are closely watching the $50,000 support level, which may act as a key price floor."
27/12/2022,corporate,151962779,12,5,40482,4924,109,133,16842,0.473545925,41000053911.0,69262,84180,"Global regulators are stepping up discussions about new cryptocurrency regulations as digital asset markets grow. Central banks are worried about the impact of cryptocurrencies on monetary policy and financial stability. Some countries are considering adopting digital currencies to compete with decentralized assets. The future of crypto regulations remains uncertain, but it's clear that they are becoming an area of significant focus worldwide."
28/12/2022,corporate,224168414,14,6,56548,7380,101,137,20425,0.467844343,60265098478.0,65945,83737,"Bitcoin reached a new all-time high today, fueled by increasing institutional investments. Investors are bullish as major companies like Tesla and MicroStrategy continue to accumulate Bitcoin. Analysts predict the trend will continue as more traditional financial institutions enter the market, pushing Bitcoin's price to unprecedented levels. However, experts are cautious about potential regulatory hurdles in the future."
29/12/2022,corporate,74118083,15,7,21679,2800,94,118,16190,0.470638225,28060983691.0,65199,83437,"Altcoins have been outperforming Bitcoin lately as Ethereum continues to push for greater scalability and lower fees. Other altcoins like Binance Coin and Cardano are also gaining attention, with their ecosystems expanding rapidly. Many investors are diversifying their portfolios to include a broader range of cryptocurrencies, as they believe altcoins may deliver higher returns than Bitcoin in the short term. This shift could lead to a more balanced and diversified crypto market."
30/12/2022,corporate,189515939,10,4,40934,4056,84,115,16768,0.478755594,24373455642.0,55099,68876,"A major cryptocurrency exchange experienced downtime today amidst rising trading volumes and heightened market activity. The disruption led to delays in transaction processing, leaving many traders frustrated. The exchange has assured users that they are working on resolving the issues and will take steps to prevent such occurrences in the future. Despite the technical difficulties, the overall market remained resilient, with Bitcoin holding steady at its current price."
31/12/2022,corporate,125765208,12,5,25864,2477,82,109,20103,0.487120269,25333531717.0,50596,70390,"Crypto adoption is seeing significant growth in emerging markets, with digital wallets and exchanges becoming increasingly popular. Countries in Latin America and Southeast Asia are leading the charge, where cryptocurrencies are being used for remittances, savings, and as an alternative to traditional banking. The shift towards crypto could help millions of unbanked individuals gain access to financial services, potentially transforming the global financial landscape."
01/12/2022,retail,9172796,638,337,356216,14924,2456,2811,20593,0.452475172,45155759238.0,7522,9938,"Crypto adoption is seeing significant growth in emerging markets, with digital wallets and exchanges becoming increasingly popular. Countries in Latin America and Southeast Asia are leading the charge, where cryptocurrencies are being used for remittances, savings, and as an alternative to traditional banking. The shift towards crypto could help millions of unbanked individuals gain access to financial services, potentially transforming the global financial landscape."
02/12/2022,retail,6750206,513,216,250201,10791,3891,4353,16397,0.494554321,21941839847.0,8953,11634,"Market volatility is at an all-time high as Bitcoin's dominance in the crypto market fluctuates. Investors are watching Bitcoin closely, while altcoins like Ethereum and Solana are gaining traction. The shift in dominance is causing mixed feelings among traders, some of whom are concerned about Bitcoin’s ability to maintain its market leadership. Analysts suggest that the future could bring more opportunities for altcoin investments."
03/12/2022,retail,6675196,654,216,240023,8815,2004,2227,16720,0.488584854,14643818948.0,9712,11771,"Global regulators are stepping up discussions about new cryptocurrency regulations as digital asset markets grow. Central banks are worried about the impact of cryptocurrencies on monetary policy and financial stability. Some countries are considering adopting digital currencies to compete with decentralized assets. The future of crypto regulations remains uncertain, but it's clear that they are becoming an area of significant focus worldwide."
04/12/2022,retail,13859520,638,206,544587,18380,3432,3830,18701,0.488143548,38486877558.0,7183,10170,"Market volatility is at an all-time high as Bitcoin's dominance in the crypto market fluctuates. Investors are watching Bitcoin closely, while altcoins like Ethereum and Solana are gaining traction. The shift in dominance is causing mixed feelings among traders, some of whom are concerned about Bitcoin’s ability to maintain its market leadership. Analysts suggest that the future could bring more opportunities for altcoin investments."
05/12/2022,retail,11638571,646,386,427175,14231,2455,2744,20484,0.465824196,32234205254.0,9907,12450,"Market volatility is at an all-time high as Bitcoin's dominance in the crypto market fluctuates. Investors are watching Bitcoin closely, while altcoins like Ethereum and Solana are gaining traction. The shift in dominance is causing mixed feelings among traders, some of whom are concerned about Bitcoin’s ability to maintain its market leadership. Analysts suggest that the future could bring more opportunities for altcoin investments."
06/12/2022,retail,10123198,454,297,375552,11307,2405,2623,17326,0.451319964,71024268072.0,8079,10951,"Bitcoin reached a new all-time high today, fueled by increasing institutional investments. Investors are bullish as major companies like Tesla and MicroStrategy continue to accumulate Bitcoin. Analysts predict the trend will continue as more traditional financial institutions enter the market, pushing Bitcoin's price to unprecedented levels. However, experts are cautious about potential regulatory hurdles in the future."
07/12/2022,retail,15274953,618,357,574485,26806,3219,3651,21465,0.484242959,35018319269.0,9668,12061,"Bitcoin saw a price correction today after reaching record highs earlier this week. The correction has raised concerns among some investors, who are waiting for signals of a market reversal. Despite the pullback, many analysts remain optimistic about Bitcoin’s long-term outlook, citing strong fundamentals and continued institutional adoption. Traders are closely watching the $50,000 support level, which may act as a key price floor."
08/12/2022,retail,10784522,651,352,403168,14669,3444,3916,20913,0.455315843,25531718611.0,8739,11406,"The crypto market is facing mixed reactions as governments around the world tighten regulations on digital assets. Some countries are taking a hard stance against cryptocurrencies, while others are exploring ways to integrate blockchain technology into their financial systems. The uncertainty around regulation is causing fluctuations in crypto prices, with many investors closely monitoring the news for any updates that could impact the market."
09/12/2022,retail,10915126,441,370,407052,12757,4224,4709,16677,0.475088433,25446187019.0,8252,10927,"Market volatility is at an all-time high as Bitcoin's dominance in the crypto market fluctuates. Investors are watching Bitcoin closely, while altcoins like Ethereum and Solana are gaining traction. The shift in dominance is causing mixed feelings among traders, some of whom are concerned about Bitcoin’s ability to maintain its market leadership. Analysts suggest that the future could bring more opportunities for altcoin investments."
10/12/2022,retail,17757254,664,353,702903,29121,3755,4126,18780,0.455818112,38790645779.0,9766,12305,"Bitcoin saw a price correction today after reaching record highs earlier this week. The correction has raised concerns among some investors, who are waiting for signals of a market reversal. Despite the pullback, many analysts remain optimistic about Bitcoin’s long-term outlook, citing strong fundamentals and continued institutional adoption. Traders are closely watching the $50,000 support level, which may act as a key price floor."
11/12/2022,retail,14870419,439,391,561796,26781,2320,2545,21915,0.45730044,179181000000.0,7785,9997,"Cryptocurrency is facing challenges as global inflation rates rise and economic uncertainties increase. Despite these hurdles, Bitcoin and other cryptocurrencies continue to attract investors looking for alternative stores of value. The economic environment is adding volatility to the crypto market, but many traders believe that the digital asset space will continue to grow as an inflation hedge and alternative investment vehicle."
12/12/2022,retail,8777758,508,305,321273,11531,4802,5267,17777,0.477741255,19343432845.0,7656,10191,"Global regulators are stepping up discussions about new cryptocurrency regulations as digital asset markets grow. Central banks are worried about the impact of cryptocurrencies on monetary policy and financial stability. Some countries are considering adopting digital currencies to compete with decentralized assets. The future of crypto regulations remains uncertain, but it's clear that they are becoming an area of significant focus worldwide."
13/12/2022,retail,17355103,586,213,652019,24683,4745,5022,16267,0.458547588,35926609856.0,7486,10305,"Bitcoin reached a new all-time high today, fueled by increasing institutional investments. Investors are bullish as major companies like Tesla and MicroStrategy continue to accumulate Bitcoin. Analysts predict the trend will continue as more traditional financial institutions enter the market, pushing Bitcoin's price to unprecedented levels. However, experts are cautious about potential regulatory hurdles in the future."
14/12/2022,retail,9446828,584,273,330684,13720,2749,3140,20255,0.482913903,136328000000.0,7011,9662,"Altcoins have been outperforming Bitcoin lately as Ethereum continues to push for greater scalability and lower fees. Other altcoins like Binance Coin and Cardano are also gaining attention, with their ecosystems expanding rapidly. Many investors are diversifying their portfolios to include a broader range of cryptocurrencies, as they believe altcoins may deliver higher returns than Bitcoin in the short term. This shift could lead to a more balanced and diversified crypto market."
15/12/2022,retail,8355083,443,378,308662,12558,2288,2511,19235,0.473924045,34326946901.0,8106,10452,"Global regulators are stepping up discussions about new cryptocurrency regulations as digital asset markets grow. Central banks are worried about the impact of cryptocurrencies on monetary policy and financial stability. Some countries are considering adopting digital currencies to compete with decentralized assets. The future of crypto regulations remains uncertain, but it's clear that they are becoming an area of significant focus worldwide."
16/12/2022,retail,9687997,534,286,359078,13275,4783,5054,17154,0.487933599,19178238385.0,7889,10256,"Bitcoin saw a price correction today after reaching record highs earlier this week. The correction has raised concerns among some investors, who are waiting for signals of a market reversal. Despite the pullback, many analysts remain optimistic about Bitcoin’s long-term outlook, citing strong fundamentals and continued institutional adoption. Traders are closely watching the $50,000 support level, which may act as a key price floor."
17/12/2022,retail,16631902,645,201,625595,20039,3623,3834,17426,0.462949275,36021149504.0,7626,10605,"Cryptocurrency is facing challenges as global inflation rates rise and economic uncertainties increase. Despite these hurdles, Bitcoin and other cryptocurrencies continue to attract investors looking for alternative stores of value. The economic environment is adding volatility to the crypto market, but many traders believe that the digital asset space will continue to grow as an inflation hedge and alternative investment vehicle."
18/12/2022,retail,10638712,583,238,377740,12192,2200,2404,18068,0.490029932,47112784094.0,8143,10644,"Market volatility is at an all-time high as Bitcoin's dominance in the crypto market fluctuates. Investors are watching Bitcoin closely, while altcoins like Ethereum and Solana are gaining traction. The shift in dominance is causing mixed feelings among traders, some of whom are concerned about Bitcoin’s ability to maintain its market leadership. Analysts suggest that the future could bring more opportunities for altcoin investments."
19/12/2022,retail,9033886,461,337,320546,11900,2762,2986,17311,0.484512775,19281883468.0,7298,9793,"Global regulators are stepping up discussions about new cryptocurrency regulations as digital asset markets grow. Central banks are worried about the impact of cryptocurrencies on monetary policy and financial stability. Some countries are considering adopting digital currencies to compete with decentralized assets. The future of crypto regulations remains uncertain, but it's clear that they are becoming an area of significant focus worldwide."
20/12/2022,retail,11845357,582,327,432480,20957,3777,4098,16419,0.464425926,27710768109.0,7509,9677,"Market volatility is at an all-time high as Bitcoin's dominance in the crypto market fluctuates. Investors are watching Bitcoin closely, while altcoins like Ethereum and Solana are gaining traction. The shift in dominance is causing mixed feelings among traders, some of whom are concerned about Bitcoin’s ability to maintain its market leadership. Analysts suggest that the future could bring more opportunities for altcoin investments."
21/12/2022,retail,8960753,602,286,345306,15053,4134,4598,21034,0.467338202,32233378392.0,9645,12561,"Experts are predicting continued growth in Bitcoin's value as more corporations and institutional investors adopt the cryptocurrency. The increasing demand from major players is expected to push Bitcoin's price to new heights in the coming months. Many believe Bitcoin will become a staple in corporate investment portfolios, offering a hedge against inflation. However, global economic uncertainty could still create risks for the crypto market."
22/12/2022,retail,4827579,426,261,191878,9096,4193,4458,17862,0.450147326,10216227472.0,8111,10130,"Crypto adoption is seeing significant growth in emerging markets, with digital wallets and exchanges becoming increasingly popular. Countries in Latin America and Southeast Asia are leading the charge, where cryptocurrencies are being used for remittances, savings, and as an alternative to traditional banking. The shift towards crypto could help millions of unbanked individuals gain access to financial services, potentially transforming the global financial landscape."
23/12/2022,retail,13784326,635,362,492510,17105,3618,4027,16395,0.472340436,32119328059.0,9093,11264,"Altcoins have been outperforming Bitcoin lately as Ethereum continues to push for greater scalability and lower fees. Other altcoins like Binance Coin and Cardano are also gaining attention, with their ecosystems expanding rapidly. Many investors are diversifying their portfolios to include a broader range of cryptocurrencies, as they believe altcoins may deliver higher returns than Bitcoin in the short term. This shift could lead to a more balanced and diversified crypto market."
24/12/2022,retail,5573303,491,333,210351,8394,3386,3622,21280,0.487402028,18500440676.0,8865,11684,"Altcoins have been outperforming Bitcoin lately as Ethereum continues to push for greater scalability and lower fees. Other altcoins like Binance Coin and Cardano are also gaining attention, with their ecosystems expanding rapidly. Many investors are diversifying their portfolios to include a broader range of cryptocurrencies, as they believe altcoins may deliver higher returns than Bitcoin in the short term. This shift could lead to a more balanced and diversified crypto market."
25/12/2022,retail,10792051,448,240,383499,11772,4585,4918,21213,0.496611505,127690000000.0,7295,9631,"Bitcoin saw a price correction today after reaching record highs earlier this week. The correction has raised concerns among some investors, who are waiting for signals of a market reversal. Despite the pullback, many analysts remain optimistic about Bitcoin’s long-term outlook, citing strong fundamentals and continued institutional adoption. Traders are closely watching the $50,000 support level, which may act as a key price floor."
26/12/2022,retail,17057956,643,324,678774,24450,2511,2802,17744,0.475737681,60547273512.0,9514,12001,"Experts are predicting continued growth in Bitcoin's value as more corporations and institutional investors adopt the cryptocurrency. The increasing demand from major players is expected to push Bitcoin's price to new heights in the coming months. Many believe Bitcoin will become a staple in corporate investment portfolios, offering a hedge against inflation. However, global economic uncertainty could still create risks for the crypto market."
27/12/2022,retail,9478541,460,255,337815,14082,4349,4576,16842,0.473545925,41000053911.0,8009,10673,"Experts are predicting continued growth in Bitcoin's value as more corporations and institutional investors adopt the cryptocurrency. The increasing demand from major players is expected to push Bitcoin's price to new heights in the coming months. Many believe Bitcoin will become a staple in corporate investment portfolios, offering a hedge against inflation. However, global economic uncertainty could still create risks for the crypto market."
28/12/2022,retail,15432033,408,321,614780,18690,2230,2605,20425,0.467844343,60265098478.0,8815,11004,"Global regulators are stepping up discussions about new cryptocurrency regulations as digital asset markets grow. Central banks are worried about the impact of cryptocurrencies on monetary policy and financial stability. Some countries are considering adopting digital currencies to compete with decentralized assets. The future of crypto regulations remains uncertain, but it's clear that they are becoming an area of significant focus worldwide."
29/12/2022,retail,4495796,604,206,175377,5862,2688,2903,16190,0.470638225,28060983691.0,7920,10104,"Global regulators are stepping up discussions about new cryptocurrency regulations as digital asset markets grow. Central banks are worried about the impact of cryptocurrencies on monetary policy and financial stability. Some countries are considering adopting digital currencies to compete with decentralized assets. The future of crypto regulations remains uncertain, but it's clear that they are becoming an area of significant focus worldwide."
30/12/2022,retail,15048912,680,333,562799,23620,2067,2372,16768,0.478755594,24373455642.0,9322,11594,"Bitcoin saw a price correction today after reaching record highs earlier this week. The correction has raised concerns among some investors, who are waiting for signals of a market reversal. Despite the pullback, many analysts remain optimistic about Bitcoin’s long-term outlook, citing strong fundamentals and continued institutional adoption. Traders are closely watching the $50,000 support level, which may act as a key price floor."
31/12/2022,retail,9563283,452,388,359939,17906,2857,3218,20103,0.487120269,25333531717.0,7887,10391,"Bitcoin reached a new all-time high today, fueled by increasing institutional investments. Investors are bullish as major companies like Tesla and MicroStrategy continue to accumulate Bitcoin. Analysts predict the trend will continue as more traditional financial institutions enter the market, pushing Bitcoin's price to unprecedented levels. However, experts are cautious about potential regulatory hurdles in the future."
